<?xml version="1.0"?>

<ruleset name="Style"
    xmlns="http://pmd.sourceforge.net/ruleset/2.0.0"
    xmlns:xsi="http://www.w3.org/2001/XMLSchema-instance"
    xsi:schemaLocation="http://pmd.sourceforge.net/ruleset/2.0.0 https://pmd.sourceforge.io/ruleset_2_0_0.xsd">
  <description>
The Style Ruleset contains rules regarding preferred usage of names and identifiers.
  </description>

    <rule ref="category/apex/codestyle.xml/ClassNamingConventions" deprecated="true" />
    <rule ref="category/apex/codestyle.xml/MethodNamingConventions" deprecated="true" />
    <rule ref="category/apex/codestyle.xml/VariableNamingConventions" deprecated="true" />

    <rule ref="category/apex/errorprone.xml/AvoidDirectAccessTriggerMap" deprecated="true" />
    <rule ref="category/apex/errorprone.xml/AvoidHardcodingId" deprecated="true" />
    <rule ref="category/apex/errorprone.xml/MethodWithSameNameAsEnclosingClass" deprecated="true" />

    <rule ref="category/apex/bestpractices.xml/AvoidGlobalModifier" deprecated="true" />
    <rule ref="category/apex/bestpractices.xml/AvoidLogicInTrigger" deprecated="true" />

</ruleset>
