<?xml version="1.0"?>

<ruleset name="Best Practices"
         xmlns="http://pmd.sourceforge.net/ruleset/2.0.0"
         xmlns:xsi="http://www.w3.org/2001/XMLSchema-instance"
         xsi:schemaLocation="http://pmd.sourceforge.net/ruleset/2.0.0 https://pmd.sourceforge.io/ruleset_2_0_0.xsd">

    <description>
Rules which enforce generally accepted best practices.
    </description>

    <rule name="ApexAssertionsShouldIncludeMessage"
          since="6.13.0"
          message="Apex test assert statement should make use of the message parameter."
          class="net.sourceforge.pmd.lang.apex.rule.bestpractices.ApexAssertionsShouldIncludeMessageRule"
          externalInfoUrl="${pmd.website.baseurl}/pmd_rules_apex_bestpractices.html#apexassertionsshouldincludemessage">
        <description>
The second parameter of System.assert/third parameter of System.assertEquals/System.assertNotEquals is a message.
Having a second/third parameter provides more information and makes it easier to debug the test failure and
improves the readability of test output.
        </description>
        <priority>3</priority>
        <example>
            <![CDATA[
@isTest
public class Foo {
    @isTest
    static void methodATest() {
        System.assertNotEquals('123', o.StageName); // not good
        System.assertEquals('123', o.StageName, 'Opportunity stageName is wrong.'); // good
        System.assert(o.isClosed); // not good
        System.assert(o.isClosed, 'Opportunity is not closed.'); // good
    }
}
]]>
        </example>
    </rule>

    <rule name="ApexUnitTestClassShouldHaveAsserts"
          since="5.5.1"
          message="Apex unit tests should System.assert() or assertEquals() or assertNotEquals()"
          class="net.sourceforge.pmd.lang.apex.rule.bestpractices.ApexUnitTestClassShouldHaveAssertsRule"
          externalInfoUrl="${pmd.website.baseurl}/pmd_rules_apex_bestpractices.html#apexunittestclassshouldhaveasserts">
        <description>
Apex unit tests should include at least one assertion.  This makes the tests more robust, and using assert
with messages provide the developer a clearer idea of what the test does.
        </description>
        <priority>3</priority>
        <example>
<![CDATA[
@isTest
public class Foo {
    public static testMethod void testSomething() {
        Account a = null;
        // This is better than having a NullPointerException
        // System.assertNotEquals(a, null, 'account not found');
        a.toString();
    }
}
]]>
        </example>
    </rule>

    <rule name="ApexUnitTestMethodShouldHaveIsTestAnnotation"
          since="6.13.0"
          message="Apex test methods should have @isTest annotation."
          class="net.sourceforge.pmd.lang.apex.rule.bestpractices.ApexUnitTestMethodShouldHaveIsTestAnnotationRule"
          externalInfoUrl="${pmd.website.baseurl}/pmd_rules_apex_bestpractices.html#apexunittestmethodshouldhaveistestannotation">
        <description>
Apex test methods should have @isTest annotation.
As testMethod keyword is deprecated, Salesforce advices to use @isTest annotation for test class/methods.
        </description>
        <priority>3</priority>
        <example>
            <![CDATA[
@isTest
private class ATest {
    @isTest
    static void methodATest() {
    }
    static void methodBTest() {
    }
    @isTest static void methodCTest() {
        System.assert(1==2);
    }
    @isTest static void methodCTest() {
        System.debug('I am a debug statement');
    }
    private void fetchData() {
    }
}
]]>
        </example>
    </rule>

    <rule name="ApexUnitTestShouldNotUseSeeAllDataTrue"
          since="5.5.1"
          message="Apex unit tests should not use @isTest(seeAllData = true)"
          class="net.sourceforge.pmd.lang.apex.rule.bestpractices.ApexUnitTestShouldNotUseSeeAllDataTrueRule"
          externalInfoUrl="${pmd.website.baseurl}/pmd_rules_apex_bestpractices.html#apexunittestshouldnotuseseealldatatrue">
        <description>
Apex unit tests should not use @isTest(seeAllData=true) because it opens up the existing database data for unexpected modification by tests.
        </description>
        <priority>3</priority>
        <example>
<![CDATA[
@isTest(seeAllData = true)
public class Foo {
    public static testMethod void testSomething() {
        Account a = null;
        // This is better than having a NullPointerException
        // System.assertNotEquals(a, null, 'account not found');
        a.toString();
    }
}
]]>
        </example>
    </rule>

    <rule name="AvoidGlobalModifier"
          since="5.5.0"
          message="Avoid using global modifier"
          class="net.sourceforge.pmd.lang.apex.rule.bestpractices.AvoidGlobalModifierRule"
          externalInfoUrl="${pmd.website.baseurl}/pmd_rules_apex_bestpractices.html#avoidglobalmodifier">
        <description>
Global classes should be avoided (especially in managed packages) as they can never be deleted or changed in signature. Always check twice if something needs to be global.
Many interfaces (e.g. Batch) required global modifiers in the past but don't require this anymore. Don't lock yourself in.
        </description>
        <priority>3</priority>
        <example>
<![CDATA[
global class Unchangeable {
    global UndeletableType unchangable(UndeletableType param) {
        // ...
    }
}
]]>
        </example>
    </rule>

    <rule name="AvoidLogicInTrigger"
          since="5.5.0"
          message="Avoid logic in triggers"
          class="net.sourceforge.pmd.lang.apex.rule.bestpractices.AvoidLogicInTriggerRule"
          externalInfoUrl="${pmd.website.baseurl}/pmd_rules_apex_bestpractices.html#avoidlogicintrigger">
        <description>
As triggers do not allow methods like regular classes they are less flexible and suited to apply good encapsulation style.
Therefore delegate the triggers work to a regular class (often called Trigger handler class).

See more here: &lt;https://developer.salesforce.com/page/Trigger_Frameworks_and_Apex_Trigger_Best_Practices&gt;
        </description>
        <priority>3</priority>
        <example>
<![CDATA[
trigger Accounts on Account (before insert, before update, before delete, after insert, after update, after delete, after undelete) {
    for(Account acc : Trigger.new) {
        if(Trigger.isInsert) {
            // ...
        }

        // ...

        if(Trigger.isDelete) {
            // ...
        }
    }
}
]]>
        </example>
    </rule>

    <rule name="DebugsShouldUseLoggingLevel"
          since="6.18.0"
          language="apex"
          message="Calls to System.debug should specify a logging level."
          class="net.sourceforge.pmd.lang.apex.rule.ApexXPathRule"
          externalInfoUrl="${pmd.website.baseurl}/pmd_rules_apex_bestpractices.html#debugsshoulduselogginglevel">
       <description>
The first parameter of System.debug, when using the signature with two parameters, is a LoggingLevel enum.

Having the Logging Level specified provides a cleaner log, and improves readability of it.
       </description>
       <priority>3</priority>
       <properties>
          <property name="strictMode" type="Boolean" value="false" description="If true, mark statements that use the DEBUG enum of LoggingLevel."/>
          <property name="version" value="2.0"/>
          <property name="xpath">
             <value>
<![CDATA[
//MethodCallExpression[lower-case(@FullMethodName)='system.debug'][count(*)=2
    or ($strictMode=true() and count(*)=3 and lower-case(VariableExpression/@Image)='debug')]
]]>
             </value>
          </property>
       </properties>
       <example>
<![CDATA[
@isTest
public class Foo {
    @isTest
    static void bar() {
        System.debug('Hey this code executed.'); // not good
        System.debug(LoggingLevel.WARN, 'Hey, something might be wrong.'); // good
        System.debug(LoggingLevel.DEBUG, 'Hey, something happened.'); // not good when on strict mode
    }
}
]]>
        </example>
    </rule>

</ruleset>
