<?xml version="1.0"?>

<ruleset name="Security"
         xmlns="http://pmd.sourceforge.net/ruleset/2.0.0"
         xmlns:xsi="http://www.w3.org/2001/XMLSchema-instance"
         xsi:schemaLocation="http://pmd.sourceforge.net/ruleset/2.0.0 https://pmd.sourceforge.io/ruleset_2_0_0.xsd">

    <description>
Rules that flag potential security flaws.
    </description>

    <rule name="ApexBadCrypto"
          since="5.5.3"
          message="Apex classes should use random IV/key"
          class="net.sourceforge.pmd.lang.apex.rule.security.ApexBadCryptoRule"
          externalInfoUrl="${pmd.website.baseurl}/pmd_rules_apex_security.html#apexbadcrypto">
        <description>
The rule makes sure you are using randomly generated IVs and keys for `Crypto` calls.
Hard-wiring these values greatly compromises the security of encrypted data.
        </description>
        <priority>3</priority>
        <example>
<![CDATA[
public without sharing class Foo {
    Blob hardCodedIV = Blob.valueOf('Hardcoded IV 123');
    Blob hardCodedKey = Blob.valueOf('0000000000000000');
    Blob data = Blob.valueOf('Data to be encrypted');
    Blob encrypted = Crypto.encrypt('AES128', hardCodedKey, hardCodedIV, data);
}
]]>
        </example>
    </rule>

    <rule name="ApexCRUDViolation"
          since="5.5.3"
          message="Validate CRUD permission before SOQL/DML operation"
          class="net.sourceforge.pmd.lang.apex.rule.security.ApexCRUDViolationRule"
          externalInfoUrl="${pmd.website.baseurl}/pmd_rules_apex_security.html#apexcrudviolation">
        <description>
The rule validates you are checking for access permissions before a SOQL/SOSL/DML operation.
Since Apex runs in system mode not having proper permissions checks results in escalation of
privilege and may produce runtime errors. This check forces you to handle such scenarios.
        </description>
        <priority>3</priority>
        <example>
<![CDATA[
public class Foo {
    public Contact foo(String status, String ID) {
        Contact c = [SELECT Status__c FROM Contact WHERE Id=:ID];

        // Make sure we can update the database before even trying
        if (!Schema.sObjectType.Contact.fields.Name.isUpdateable()) {
            return null;
        }

        c.Status__c = status;
        update c;
        return c;
    }
}
]]>
        </example>
    </rule>

    <rule name="ApexCSRF" ref="category/apex/errorprone.xml/ApexCSRF" deprecated="true"/>

    <rule name="ApexDangerousMethods"
          since="5.5.3"
          message="Calling potentially dangerous method"
          class="net.sourceforge.pmd.lang.apex.rule.security.ApexDangerousMethodsRule"
          externalInfoUrl="${pmd.website.baseurl}/pmd_rules_apex_security.html#apexdangerousmethods">
        <description>
Checks against calling dangerous methods.

For the time being, it reports:

* Against `FinancialForce`'s `Configuration.disableTriggerCRUDSecurity()`. Disabling CRUD security
opens the door to several attacks and requires manual validation, which is unreliable.
* Calling `System.debug` passing sensitive data as parameter, which could lead to exposure
of private data.
        </description>
        <priority>3</priority>
        <example>
<![CDATA[
public class Foo {
    public Foo() {
        Configuration.disableTriggerCRUDSecurity();
    }
}
]]>
        </example>
    </rule>

    <rule name="ApexInsecureEndpoint"
          since="5.5.3"
          message="Apex callouts should use encrypted communication channels"
          class="net.sourceforge.pmd.lang.apex.rule.security.ApexInsecureEndpointRule"
          externalInfoUrl="${pmd.website.baseurl}/pmd_rules_apex_security.html#apexinsecureendpoint">
        <description>
Checks against accessing endpoints under plain **http**. You should always use
**https** for security.
        </description>
        <priority>3</priority>
        <example>
<![CDATA[
public without sharing class Foo {
    void foo() {
        HttpRequest req = new HttpRequest();
        req.setEndpoint('http://localhost:com');
    }
}
]]>
        </example>
    </rule>

    <rule name="ApexOpenRedirect"
          since="5.5.3"
          message="Apex classes should safely redirect to a known location"
          class="net.sourceforge.pmd.lang.apex.rule.security.ApexOpenRedirectRule"
          externalInfoUrl="${pmd.website.baseurl}/pmd_rules_apex_security.html#apexopenredirect">
        <description>
Checks against redirects to user-controlled locations. This prevents attackers from
redirecting users to phishing sites.
        </description>
        <priority>3</priority>
        <example>
<![CDATA[
public without sharing class Foo {
    String unsafeLocation = ApexPage.getCurrentPage().getParameters.get('url_param');
    PageReference page() {
       return new PageReference(unsafeLocation);
    }
}
]]>
        </example>
    </rule>

    <rule name="ApexSharingViolations"
          since="5.5.3"
          message="Apex classes should declare a sharing model if DML or SOQL/SOSL is used"
          class="net.sourceforge.pmd.lang.apex.rule.security.ApexSharingViolationsRule"
          externalInfoUrl="${pmd.website.baseurl}/pmd_rules_apex_security.html#apexsharingviolations">
        <description>
Detect classes declared without explicit sharing mode if DML methods are used. This
forces the developer to take access restrictions into account before modifying objects.
        </description>
        <priority>3</priority>
        <example>
<![CDATA[
public without sharing class Foo {
    // DML operation here
}
]]>
        </example>
    </rule>

    <rule name="ApexSOQLInjection"
          since="5.5.3"
          message="Avoid untrusted/unescaped variables in DML query"
          class="net.sourceforge.pmd.lang.apex.rule.security.ApexSOQLInjectionRule"
          externalInfoUrl="${pmd.website.baseurl}/pmd_rules_apex_security.html#apexsoqlinjection">
        <description>
Detects the usage of untrusted / unescaped variables in DML queries.
        </description>
        <priority>3</priority>
        <example>
<![CDATA[
public class Foo {
    public void test1(String t1) {
        Database.query('SELECT Id FROM Account' + t1);
    }
}
]]>
        </example>
    </rule>

    <rule name="ApexSuggestUsingNamedCred"
          since="5.5.3"
          message="Suggest named credentials for authentication"
          class="net.sourceforge.pmd.lang.apex.rule.security.ApexSuggestUsingNamedCredRule"
          externalInfoUrl="${pmd.website.baseurl}/pmd_rules_apex_security.html#apexsuggestusingnamedcred">
        <description>
Detects hardcoded credentials used in requests to an endpoint.

You should refrain from hardcoding credentials:
  * They are hard to mantain by being mixed in application code
  * Particularly hard to update them when used from different classes
  * Granting a developer access to the codebase means granting knowledge
     of credentials, keeping a two-level access is not possible.
  * Using different credentials for different environments is troublesome
     and error-prone.

Instead, you should use *Named Credentials* and a callout endpoint.

For more information, you can check [this](https://developer.salesforce.com/docs/atlas.en-us.apexcode.meta/apexcode/apex_callouts_named_credentials.htm)
        </description>
        <priority>3</priority>
        <example>
<![CDATA[
public class Foo {
    public void foo(String username, String password) {
        Blob headerValue = Blob.valueOf(username + ':' + password);
        String authorizationHeader = 'BASIC ' + EncodingUtil.base64Encode(headerValue);
        req.setHeader('Authorization', authorizationHeader);
    }
}
]]>
        </example>
    </rule>

    <rule name="ApexXSSFromEscapeFalse"
          since="5.5.3"
          message="Apex classes should escape Strings in error messages"
          class="net.sourceforge.pmd.lang.apex.rule.security.ApexXSSFromEscapeFalseRule"
          externalInfoUrl="${pmd.website.baseurl}/pmd_rules_apex_security.html#apexxssfromescapefalse">
        <description>
Reports on calls to `addError` with disabled escaping. The message passed to `addError`
will be displayed directly to the user in the UI, making it prime ground for XSS
attacks if unescaped.
        </description>
        <priority>3</priority>
        <example>
<![CDATA[
public without sharing class Foo {
    Trigger.new[0].addError(vulnerableHTMLGoesHere, false);
}
]]>
        </example>
    </rule>

    <rule name="ApexXSSFromURLParam"
          since="5.5.3"
          message="Apex classes should escape/sanitize Strings obtained from URL parameters"
          class="net.sourceforge.pmd.lang.apex.rule.security.ApexXSSFromURLParamRule"
          externalInfoUrl="${pmd.website.baseurl}/pmd_rules_apex_security.html#apexxssfromurlparam">
        <description>
Makes sure that all values obtained from URL parameters are properly escaped / sanitized
to avoid XSS attacks.
        </description>
        <priority>3</priority>
        <example>
<![CDATA[
public without sharing class Foo {
    String unescapedstring = ApexPage.getCurrentPage().getParameters.get('url_param');
    String usedLater = unescapedstring;
}
]]>
        </example>
    </rule>

</ruleset>
